dialogue_id,predicted_final_price,sale_price,fold,buyer_target,seller_target,r_sale,r_predicted
C_0020dee073a945eb82a128f656cff94b,50.0,37.0,0,37,75,0.0,0.3421052631578947
C_006f34c1a24348839c00beb7b1a00f31,6.0,8.0,0,6,10,0.5,0.0
C_01ac7239fef54abeb05a1e23c26b93e5,60.0,65.0,0,48,80,0.53125,0.375
C_02f9b9cfe382463ea5f6b6ecb689b1ec,18000.0,15000.0,0,10400,20800,0.4423076923076923,0.7307692307692307
C_033934a5cb6b4bcb94a4202525cd3126,150.0,110.0,0,90,180,0.2222222222222222,0.6666666666666666
C_047ef173d910432aae9556c595444a0d,1500.0,1650.0,0,1077,1795,0.7980501392757661,0.5891364902506964
C_06250c20debf404a95221088dbe85c73,120.0,130.0,0,114,150,0.4444444444444444,0.1666666666666666
C_07204ce84c9140da9ef5053c894bb1c8,3000.0,2800.0,0,2695,3850,0.0909090909090909,0.264069264069264
C_0abc63f7da194db5a24e018a459d0133,100.0,120.0,0,85,170,0.4117647058823529,0.1764705882352941
C_0f14ef5766ea468cb06524b02b65467d,40.0,50.0,0,36,60,0.5833333333333334,0.1666666666666666
C_123aa753f820465aaf4ebf507db816fc,120.0,120.0,0,105,150,0.3333333333333333,0.3333333333333333
C_16431f78d2204608b5d156c38a702cbd,1200.0,1200.0,0,797,1595,0.5050125313283208,0.5050125313283208
C_1813c810c3744bf49a7591f035611797,350.0,350.0,0,304,400,0.4791666666666667,0.4791666666666667
C_1cbd60f3b8264404ac44984514f1db42,200.0,175.0,0,125,250,0.4,0.6
C_22086c7bedff4b5e9b31c5f17b95471c,80.0,75.0,0,70,100,0.1666666666666666,0.3333333333333333
C_24248cf66eee4e48b618ce74ec00c8fb,2600.0,2700.0,0,2607,2834,0.4096916299559471,-0.0308370044052863
C_25639cc19b604c2397702c0db8b1a22c,350.0,300.0,0,280,400,0.1666666666666666,0.5833333333333334
C_260554825bae40c3bc5dbe3ab1b75b3e,3500.0,3600.0,0,1992,3985,0.806823883592574,0.7566482689412946
C_26a17a9bd6754463b0ce7b4db02c3f78,1500.0,1550.0,0,1368,1800,0.4212962962962963,0.3055555555555556
C_29810c8ecf004391a81380ae5e832879,12.0,11.0,0,11,15,0.0,0.25
C_2a3b081adf3f425c9ebb4ff947531610,350.0,325.0,0,322,350,0.1071428571428571,1.0
C_2a7e7681bd3a484bbcaa3390726e6d79,400.0,500.0,0,350,500,1.0,0.3333333333333333
C_2a905defab724b849be942ba03acbc02,25000.0,28500.0,0,18000,36000,0.5833333333333334,0.3888888888888889
C_2b0407e10af34321af41a17854cdb3c7,150.0,170.0,0,92,185,0.8387096774193549,0.6236559139784946
C_2c78db50022b453aae25995d2488278d,92.0,92.0,0,92,100,0.0,0.0
C_2ccbbc45e78847cd81f8b3cc75005600,500.0,500.0,0,390,650,0.4230769230769231,0.4230769230769231
C_2f2a5c8090614264b7afce3648767a4e,1650.0,1700.0,0,1642,1785,0.4055944055944055,0.0559440559440559
C_2f2abb8d2a3f41df9d15860c1975f1d0,120.0,135.0,0,114,150,0.5833333333333334,0.1666666666666666
C_3065df6dfb8a41af9650bc5537ce8953,55.0,54.0,0,54,60,0.0,0.1666666666666666
C_332a13aa62d243bf89c9f6d52c3724f4,150.0,155.0,0,133,175,0.5238095238095238,0.4047619047619047
C_34ab8521e1b74938b07d1ca75d50ed24,4000.0,4100.0,0,2650,5300,0.5471698113207547,0.5094339622641509
C_38cea0e378d84571b320c635e2bb1d09,40.0,34.0,0,34,45,0.0,0.5454545454545454
C_3c33c64e4a15471089278904d7aa7d9e,45.0,45.0,0,45,50,0.0,0.0
C_405fcb5c0e01489cb8a7b3592e341ffa,14000.0,12500.0,0,11248,14800,0.3524774774774775,0.7747747747747747
C_40862c4582cc4bfaa6dfb2cc9c98868d,50.0,60.0,0,42,60,1.0,0.4444444444444444
C_4393623943184ca4941a5a6f39e50563,375.0,385.0,0,359,399,0.65,0.4
C_4522fb58ef2144d3a46781cc14c94a3a,1708.0,1775.0,0,1708,1898,0.3526315789473684,0.0
C_47bbc36b6fcf44468b28548c085ba67a,60.0,90.0,0,45,90,1.0,0.3333333333333333
C_4925e3cf03124a1c9b5d7aaf38714909,15000.0,14500.0,0,11100,18500,0.4594594594594595,0.527027027027027
C_4a04b6abe74e459a88ebc861a0c5a3ee,30.0,30.0,0,20,40,0.5,0.5
C_4ac6bc80d45d4402b0e7324e837a00ec,4000.0,3500.0,0,3500,5000,0.0,0.3333333333333333
C_5058314181284fda8f1cd5211d48d943,800.0,900.0,0,660,1100,0.5454545454545454,0.3181818181818182
C_560e7e149097482481c94b9288cde24f,2000.0,2200.0,0,1756,2311,0.8,0.4396396396396396
C_56edad8934404a36acd35e206066478c,175.0,200.0,0,175,250,0.3333333333333333,0.0
C_5919b625a2f34506b29886317dd222f9,4000.0,4000.0,0,3870,4300,0.3023255813953488,0.3023255813953488
C_59574dd4dff1453ab3ba9db821d98b99,40.0,30.0,0,25,50,0.2,0.6
C_63300d2af24e49549f0e3db6390b1756,85.0,85.0,0,85,95,0.0,0.0
C_63372600e7ce46c6976ef9a5e5ad2823,80.0,85.0,0,70,100,0.5,0.3333333333333333
C_6765c47d789a4d609789e434927cc38e,100.0,92.0,0,84,120,0.2222222222222222,0.4444444444444444
C_67dd16c9d2034b678a206ec9892430ea,600.0,589.0,0,489,700,0.4739336492890995,0.5260663507109005
C_694b06e3bbdc4c129748dc2e0abc0fce,3000.0,2950.0,0,2880,3200,0.21875,0.375
C_69dc95591fa44720a78a9986f6a5117c,8000.0,7850.0,0,6440,9200,0.5108695652173914,0.5652173913043478
C_6b2272cd22ea432bb975186ca26e2380,3500.0,3600.0,0,2800,4000,0.6666666666666666,0.5833333333333334
C_6ce0692571f44a5d8eb20636f97f6f2a,30.0,40.0,0,28,40,1.0,0.1666666666666666
C_756494f8845f426c85736a57b1833154,2000.0,2000.0,0,1697,2425,0.4162087912087912,0.4162087912087912
C_769e5aae31504874a684432206dba115,180.0,185.0,0,180,200,0.25,0.0
C_82a1ed5a407e4810b723575f3f56a92d,300.0,200.0,0,200,400,0.0,0.5
C_865884f10a4b487a90010ccce82ff33c,1750.0,1800.0,0,1687,1875,0.601063829787234,0.3351063829787234
C_8961f0c5e6b1441d96aa4dc7b5ad4a7c,150.0,120.0,0,118,170,0.0384615384615384,0.6153846153846154
C_8e98663fcc0d48da8c1d565c5f367c52,500.0,550.0,0,454,650,0.4897959183673469,0.2346938775510204
C_94aaa7dccb044ae0829f9ca63faced47,2800.0,2500.0,0,2240,3200,0.2708333333333333,0.5833333333333334
C_98a4937ec1e2418cb6392eb1d46cbc67,2000.0,1500.0,0,1125,2250,0.3333333333333333,0.7777777777777778
C_a0ae441e46274f6abe4e3335540ed08c,2200.0,1900.0,0,1729,2471,0.2304582210242587,0.6347708894878706
C_a0e1d254bb0a4f94b5350ac10408cf19,1200.0,1200.0,0,900,1500,0.5,0.5
C_a16e495759534135aca2630202d6b8f9,11000.0,11000.0,0,9100,13000,0.4871794871794871,0.4871794871794871
C_a4a8b4b2db2f4a899733f307453a3a04,2000.0,1978.0,0,1978,2150,0.0,0.127906976744186
C_a6b82bd32468454ca055b415aaeb3827,1650.0,1300.0,0,947,1895,0.3723628691983122,0.7415611814345991
C_a90036bbce214ed3ac7bfef9b86f9dfb,1400.0,1260.0,0,1260,1400,0.0,1.0
C_aef98ea7e9cd4071abb1d11142e55740,85.0,85.0,0,75,99,0.4166666666666667,0.4166666666666667
C_b433d66d289c4b26a7c1674f5627a2aa,25.0,25.0,0,17,35,0.4444444444444444,0.4444444444444444
C_b85915ae4bff4a6abd04b923c4f6520e,10.0,11.0,0,9,15,0.3333333333333333,0.1666666666666666
C_bf83e9ef5aac4fe5bc561c8f97888351,3600.0,3510.0,0,3510,3900,0.0,0.2307692307692307
C_c0ce24441bd64d6bac142e7d535595b5,2025.0,2100.0,0,2025,2250,0.3333333333333333,0.0
C_c19861f677dc42b68832acf70f8aeceb,30.0,35.0,0,20,40,0.75,0.5
C_c43f2b16c2dc4bd683dba92412a93b5d,90.0,90.0,0,87,95,0.375,0.375
C_ceed4eac3cdf4b4f84dee1c042364bd6,50.0,47.0,0,42,70,0.1785714285714285,0.2857142857142857
C_d29e35334fea4fccbb5e9fe492b6f339,600.0,650.0,0,474,949,0.3705263157894737,0.2652631578947368
C_d40d1c392c1249e8a07e6f90b8e4193a,3000.0,2500.0,0,2040,3400,0.3382352941176471,0.7058823529411765
C_d4da9040855442b3a36ef7f9b466ec15,4000.0,3800.0,0,3800,5000,0.0,0.1666666666666666
C_d78d1e5c7ae6400e9590fb6d932a2732,900.0,850.0,0,525,1050,0.6190476190476191,0.7142857142857143
C_d790a6621c934b2a919c3e3e313c901a,1900.0,1875.0,0,1840,2000,0.21875,0.375
C_d791c2499509456296a08dd3adae6070,6000.0,5500.0,0,4900,7000,0.2857142857142857,0.5238095238095238
C_d7c0cefeb960431aad154c4f71993066,100.0,125.0,0,75,150,0.6666666666666666,0.3333333333333333
C_daeb31d02fd447bf8c44c832d320d7f7,2025.0,2100.0,0,2025,2250,0.3333333333333333,0.0
C_dc530e155cbf4880a8044c366477139b,80.0,80.0,0,60,100,0.5,0.5
C_e066646ec84b421b9b9760822cd7ba41,1600.0,1513.0,0,1513,1645,0.0,0.6590909090909091
C_e2a67cceaf724b4dae6fc128aacff264,1300.0,1400.0,0,1089,1556,0.6659528907922913,0.4518201284796574
C_e335fb35ad30405fb36378b930ed36f2,900.0,835.0,0,735,1050,0.3174603174603174,0.5238095238095238
C_e3fbb6dd2f5949ce9ece21fd9b0babc1,10.0,10.0,0,7,15,0.375,0.375
C_e5b6980704e345c38556eb31c13eed60,80.0,75.0,0,45,90,0.6666666666666666,0.7777777777777778
C_e8458e2ae08f4808ab4c8a86e4830041,900.0,1000.0,0,900,1000,1.0,0.0
C_e93957571b1140e48dffc52829252ed7,2200.0,1800.0,0,1100,2200,0.6363636363636364,1.0
C_eaf9e749ca7e4cf6b68cb559501893cf,1500.0,1490.0,0,875,1750,0.7028571428571428,0.7142857142857143
C_ec21cc8b09724b8fbd30a538fdbeb0f3,200.0,140.0,0,125,250,0.12,0.6
C_ecb56dce00284da9ac648e527970d427,10.0,8.0,0,8,12,0.0,0.5
C_ecd38bebdde84cc48aee2ae5214e4ba8,650.0,750.0,0,608,800,0.7395833333333334,0.21875
C_f0a8e013a63949eb8ddeab13075c3029,400.0,300.0,0,300,500,0.0,0.5
C_f1f4ecb9a627436d89e21b6283940ba5,60.0,60.0,0,40,80,0.5,0.5
C_f5b79781041b48bdb8f859ad6403b8a3,200.0,175.0,0,175,250,0.0,0.3333333333333333
C_f70cde3929ac49bba9fede72bd892cb1,250.0,245.0,0,224,320,0.21875,0.2708333333333333
C_f720094cbd7d4670908c6b0ebad57d5e,300.0,300.0,0,294,320,0.2307692307692307,0.2307692307692307
C_fb0e8baa3c72429a96ff81f63b9310ec,100.0,100.0,0,75,150,0.3333333333333333,0.3333333333333333
C_fd016d47a55845dcb134a8fc1f4a10ab,900.0,950.0,0,720,1200,0.4791666666666667,0.375
C_fdebec1d17924b1bbf0748ab1e682fbd,15000.0,21000.0,0,10950,21900,0.9178082191780822,0.3698630136986301
C_ff02a55751624199812bc4a6784fe018,4000.0,3000.0,0,3000,5000,0.0,0.5
C_ffdbd54cb66143189eeb41d2b4947aae,220.0,220.0,0,220,240,0.0,0.0
C_0146a92afe234007a51fe1b4c7071ca1,70.0,60.0,1,56,80,0.1666666666666666,0.5833333333333334
C_0161690e2107455dbfce9c03ce19607e,20000.0,21000.0,1,19000,25000,0.3333333333333333,0.1666666666666666
C_01e68ec46d114f53bdf6943d429cbb5e,350.0,320.0,1,301,397,0.1979166666666666,0.5104166666666666
C_06d94f0c5f1f4ec58ba047789b7f8bba,2500.0,2950.0,1,2065,2950,1.0,0.4915254237288136
C_06fd896f4aae44a894226ea72895a996,350.0,315.0,1,315,350,0.0,1.0
C_076ee5c7626747859b7191215d19a229,120.0,120.0,1,114,150,0.1666666666666666,0.1666666666666666
C_0b5a4ba777b54124856c1d57d806ba41,4000.0,3200.0,1,3150,4500,0.037037037037037,0.6296296296296297
C_0b6431c360434749bf61626950dae3d4,3000.0,2850.0,1,2450,3500,0.3809523809523809,0.5238095238095238
C_0b7f8b0d852e4c9190ffe45c7e9b14d2,2000.0,2150.0,1,1710,2250,0.8148148148148148,0.5370370370370371
C_0bfb69809e15498490c9f7d2aa855537,95.0,95.0,1,57,95,1.0,1.0
C_0e9bc20920e04c858e9c9f5e27741435,1000.0,1000.0,1,990,1100,0.0909090909090909,0.0909090909090909
C_1040a280fba0420e8b3d5b8f21dae9b0,11.0,11.0,1,11,12,0.0,0.0
C_14be3a546c5f4284be32c18d2617cd2a,200.0,220.0,1,190,250,0.5,0.1666666666666666
C_168d0da5e8ae482ab5e0e0ce2e637430,2800.0,2500.0,1,2240,3200,0.2708333333333333,0.5833333333333334
C_17458bff694d4e23b830246b3315ac31,1200.0,975.0,1,812,1625,0.2004920049200492,0.4772447724477244
C_1cde3ba5c42045639d33acc1cfb27aae,4500.0,4450.0,1,3496,4995,0.6364242828552368,0.6697798532354903
C_1e34a436f26e4a3f804f9fbc08f44614,500.0,450.0,1,450,750,0.0,0.1666666666666666
C_21687d983cd4485995eb61a54b073db2,3000.0,2450.0,1,2450,3500,0.0,0.5238095238095238
C_227f71287e474debab51d60185024563,200.0,190.0,1,125,250,0.52,0.6
C_2344b51f7dff41e38a40f1a3cdf80573,3200.0,3100.0,1,3015,3350,0.2537313432835821,0.5522388059701493
C_24d2bc5b2da04759ab7b545bb93cf9d1,100.0,87.0,1,75,150,0.16,0.3333333333333333
C_2d9f77850a92462e98a4e709e3a72d03,2000.0,1950.0,1,1932,2100,0.1071428571428571,0.4047619047619047
C_3096171b32cd4079a6435c3deb04d521,1500.0,1515.0,1,1435,1595,0.5,0.40625
C_356d5a4c9c6749ceb43622f51895db41,800.0,800.0,1,600,1000,0.5,0.5
C_35d4d749ff734ba3969f57fbda060a50,85.0,69.0,1,69,99,0.0,0.5333333333333333
C_36d9137d77e14cc187db74c0da5f1024,110.0,120.0,1,98,130,0.6875,0.375
C_373683cc6d9645a2a561e2b3f053ceff,120.0,132.0,1,114,150,0.5,0.1666666666666666
C_38169c331846464680015c0d4ba7a033,10000.0,10000.0,1,7850,15700,0.2738853503184713,0.2738853503184713
C_398db450bb084483818f4fc869c0d396,90.0,90.0,1,55,110,0.6363636363636364,0.6363636363636364
C_3c62f64e49b04e088dbc72fb9eed1b47,30.0,32.0,1,20,40,0.6,0.5
C_452397f9712d442eb794e857fe587a32,25.0,25.0,1,21,30,0.4444444444444444,0.4444444444444444
C_4642e3e1d76443f181f4bf795aea0dd8,150.0,150.0,1,136,180,0.3181818181818182,0.3181818181818182
C_4929de5edeee437a9d742afbdd2920ca,400.0,400.0,1,270,450,0.7222222222222222,0.7222222222222222
C_4abc0907f13a4a5b83cf831b8c35574b,70.0,70.0,1,60,80,0.5,0.5
C_53f4c21df6e4450783314a0e53c5fe4c,100.0,100.0,1,75,125,0.5,0.5
C_541ea1b540044f9a9051747f7124a4bb,3250.0,3250.0,1,3150,3500,0.2857142857142857,0.2857142857142857
C_54973c3beacf4c3b8882cca1d341fe98,50.0,45.0,1,42,60,0.1666666666666666,0.4444444444444444
C_5584014bdd4642b78870da3b2eba4a54,7.0,9.0,1,7,10,0.6666666666666666,0.0
C_575305b4de9a41e08c1089272dc98499,6000.0,7000.0,1,4649,9299,0.5055913978494624,0.2905376344086021
C_59ee2bc55d8d481a8c2706aa5405f824,1300.0,1300.0,1,1140,1500,0.4444444444444444,0.4444444444444444
C_5c4d4e8fa3054145a85371f2d51b2ec2,1500.0,1500.0,1,1256,1795,0.4526901669758812,0.4526901669758812
C_5cf2d4e054b5446891cbf147ff046c2e,1000.0,800.0,1,625,1250,0.28,0.6
C_5d54fd51a8bb43019a9644f2763143af,45.0,50.0,1,45,50,1.0,0.0
C_61c52adf0b5949f99112a07ea27d2aa1,150.0,180.0,1,140,200,0.6666666666666666,0.1666666666666666
C_622ae8307ea64db49da110d928266dc0,150.0,125.0,1,108,180,0.2361111111111111,0.5833333333333334
C_6300024eacba499c959580a63fbdf45a,75.0,75.0,1,72,80,0.375,0.375
C_63aeb8495678428dac32cca3522ebf7c,150.0,150.0,1,100,200,0.5,0.5
C_680f634d969040b58b4db7f034c00b43,500.0,425.0,1,351,585,0.3162393162393162,0.6367521367521367
C_6b0404df12994618a259ccfb352f9e58,3000.0,2900.0,1,1700,3400,0.7058823529411765,0.7647058823529411
C_6f3489b6c1f34c97b9dc325b38b12a0e,200.0,170.0,1,167,220,0.0566037735849056,0.6226415094339622
C_7027cba70a0c465591824bda831bbb3b,200.0,140.0,1,137,275,0.0217391304347826,0.4565217391304347
C_74c4b8d02b43482886c3455666f7a337,6500.0,6000.0,1,5596,7995,0.1684035014589412,0.3768236765318883
C_759b07225d1b400da39e17768bb98119,120.0,120.0,1,119,130,0.0909090909090909,0.0909090909090909
C_75b74814579d43ae924e92a93871d507,45.0,45.0,1,45,50,0.0,0.0
C_75fb854e6fc943f1ba5cad9ed943acc1,250.0,250.0,1,228,300,0.3055555555555556,0.3055555555555556
C_79f4b5f615f948e59c4fcc54b145d306,2500.0,2700.0,1,2100,3000,0.6666666666666666,0.4444444444444444
C_7b9bb31a799b4b4f94af7c3a6bee8d26,1100.0,1250.0,1,988,1300,0.8397435897435898,0.358974358974359
C_80756847c2ed4d09994db9deb38c85d5,2500.0,3000.0,1,2222,3175,0.8163693599160545,0.291710388247639
C_80ebaaf267974dbca34c14b111d11431,3500.0,2500.0,1,2100,4200,0.1904761904761904,0.6666666666666666
C_80f7a289c98c4131863cede7a9b3fa28,400.0,500.0,1,300,600,0.6666666666666666,0.3333333333333333
C_83a8ab7b3ce14e70857450c4906c01ea,20.0,25.0,1,21,30,0.4444444444444444,-0.1111111111111111
C_895698a40de840dcb5afd7e07c65d8ed,2500.0,2600.0,1,1959,2800,0.7621878715814506,0.643281807372176
C_89c64e2bc7694949be486727c76da586,2500.0,2200.0,1,1500,3000,0.4666666666666667,0.6666666666666666
C_8bcde152a6324703b0fc7ad86ef84011,850.0,721.0,1,721,949,0.0,0.5657894736842105
C_9252e54f302448aa8eb988a6904a021f,1500.0,1700.0,1,1110,1850,0.7972972972972973,0.527027027027027
C_92ce6bbe7f61424cb42019f51317c79b,850.0,785.0,1,699,999,0.2866666666666667,0.5033333333333333
C_9b00e76d63b5417d9d1e91bbbf0bdb87,800.0,800.0,1,700,1000,0.3333333333333333,0.3333333333333333
C_9e3c0dea33da49a8bde97a19e62f3bf7,1600.0,1500.0,1,1463,1626,0.2269938650306748,0.8404907975460123
C_9fb266a846b94398a10960454571c139,500.0,500.0,1,360,600,0.5833333333333334,0.5833333333333334
C_a15337bdce5746e8997053b50b9dcf2e,150.0,165.0,1,100,200,0.65,0.5
C_a1d63481c56c4f55b930400d9d367e58,7000.0,7500.0,1,5400,9000,0.5833333333333334,0.4444444444444444
C_a2c8d4b2ed3c4a4e9184eea6affb66c4,225.0,210.0,1,165,275,0.4090909090909091,0.5454545454545454
C_a334bb14e7ea4a3b867e16f22f3629a1,50.0,75.0,1,37,75,1.0,0.3421052631578947
C_a4ca81848d9f48c69fc14efd59670f6d,17000.0,18000.0,1,15200,20000,0.5833333333333334,0.375
C_a5e5b84ece05470497648834b1011d41,8.0,6.0,1,6,10,0.0,0.5
C_a77a80ffabec4dc68b9d8ace284e1fe7,1000.0,1200.0,1,840,1400,0.6428571428571429,0.2857142857142857
C_a79064b5e20545a28e78f52961bd5b57,2500.0,2300.0,1,2100,3000,0.2222222222222222,0.4444444444444444
C_a88fc36a49254eb89eedb3c90ab51c3d,4500.0,4400.0,1,4320,4800,0.1666666666666666,0.375
C_a8cb096703df4b92b21696ac1287f858,200.0,180.0,1,154,309,0.1677419354838709,0.2967741935483871
C_aa2f40bc16ea435899bf585d3c3edef0,1200.0,950.0,1,837,1395,0.2025089605734767,0.6505376344086021
C_abc5ba8af9fc4ff180e46e0081838165,1850.0,1850.0,1,1743,1895,0.7039473684210527,0.7039473684210527
C_b3debfd6fb904d77bf3b6e3c08584eaf,80.0,95.0,1,76,100,0.7916666666666666,0.1666666666666666
C_b992b45e882c42a891e52b5487d561bc,15.0,17.0,1,12,20,0.625,0.375
C_c576b10e2df24d15a701c329deb4e21c,2000.0,1672.0,1,1672,2200,0.0,0.6212121212121212
C_c7154d8a2b2d40ffaa9b1336556b803b,1500.0,1500.0,1,1364,1795,0.3155452436194895,0.3155452436194895
C_c8b72e036d1147ca9f2b61f39c7d96dc,150.0,125.0,1,105,175,0.2857142857142857,0.6428571428571429
C_d01f1a8e4db54f898c9c3f528fa26754,1500.0,1600.0,1,1203,1719,0.7693798449612403,0.5755813953488372
C_d75d881dd5ba4328864adb2e7903c5cd,2500.0,2800.0,1,1750,3500,0.6,0.4285714285714285
C_d8a31aebaaf74a978d45336cde4b15a8,150.0,175.0,1,110,220,0.5909090909090909,0.3636363636363636
C_d9c853528fc24311b028570d7d4e8d45,40.0,35.0,1,25,50,0.4,0.6
C_da24156b70a24c739517e4639aee752e,2200.0,2200.0,1,1819,2600,0.4878361075544174,0.4878361075544174
C_da5f389c955c4dd79c397582a7ac2d7b,35.0,37.0,1,31,45,0.4285714285714285,0.2857142857142857
C_dfbc28eec05f496f85cc35ccd7e64ace,150.0,140.0,1,120,200,0.25,0.375
C_e19e5e433374478cab50c826389f9b59,800.0,900.0,1,744,1488,0.2096774193548387,0.075268817204301
C_e490800ac8cb42cfa69ce2fe0f2879f6,15000.0,13000.0,1,11000,22000,0.1818181818181818,0.3636363636363636
C_e49b7284fc6b4196bc20bb12b31501f1,180.0,160.0,1,152,200,0.1666666666666666,0.5833333333333334
C_e5d461940dd1425284082289cf7b5dcd,8500.0,6965.0,1,6965,9950,0.0,0.5142378559463987
C_e89154c0d0614d49b1a1377c07231bdd,1750.0,1800.0,1,1125,2250,0.6,0.5555555555555556
C_e9092991154545eab0da006e122f7c71,300.0,275.0,1,240,400,0.21875,0.375
C_eb1f15e8e781463eba1aaddf70bf34e5,6500.0,7000.0,1,4680,7800,0.7435897435897436,0.5833333333333334
C_ec49904858b141a582000936a9d926d5,1400.0,1425.0,1,1339,1488,0.5771812080536913,0.4093959731543624
C_ed20afc8142b4992a136bd29fee069bf,375.0,375.0,1,363,395,0.375,0.375
C_f045e44cb2794a21be634d844eebab4a,3250.0,3200.0,1,3150,3500,0.1428571428571428,0.2857142857142857
C_f358ddf6383845148725e621f6c8c23d,280.0,290.0,1,224,320,0.6875,0.5833333333333334
C_fb33b29d25424ac19bb6f83c4ad471c0,300.0,300.0,1,266,380,0.2982456140350877,0.2982456140350877
C_133afe20146f4e71ad64d696f372b30f,12500.0,12000.0,2,11700,13000,0.2307692307692307,0.6153846153846154
C_1632beede2c849ddb215f06bac7f497e,7000.0,6000.0,2,5280,8800,0.2045454545454545,0.4886363636363636
C_1f531424e5ed47fc9f3b64f69eb21460,85.0,87.0,2,76,100,0.4583333333333333,0.375
C_26ab8ec2e5bc41c189f4004d19105014,1200.0,1095.0,2,797,1595,0.3734335839598997,0.5050125313283208
C_2bf22d59e1794d6aac9dddfdf8e686fb,10000.0,9200.0,2,8740,11500,0.1666666666666666,0.4565217391304347
C_2cb484a7d816432eaa4beed4c32d4349,2857.0,2899.0,2,2857,3175,0.1320754716981132,0.0
C_30277e91e09e4b9d9d415b99ad3a63ac,10.0,12.0,2,7,15,0.625,0.375
C_315bc09a428947f399a2b9540dc2216a,400.0,450.0,2,300,500,0.75,0.5
C_31863aa23ae74cefa0e498f87851d92a,7000.0,7000.0,2,6230,8900,0.2883895131086142,0.2883895131086142
C_3468edcf3f78498f9b377ef41ea59176,3200.0,3100.0,2,3015,3350,0.2537313432835821,0.5522388059701493
C_35befe5b594947f49c4d5e9e3d4acdc3,7500.0,9300.0,2,6646,9495,0.9315549315549316,0.2997542997542997
C_35fbfe946e69424abdc649cedd219066,5395.0,5400.0,2,5395,5995,0.0083333333333333,0.0
C_3633032014fc4e49a9d3883ab997edb9,1500.0,1200.0,2,897,1795,0.3374164810690423,0.6714922048997772
C_399c1f48c33b4561aa7ce7652e953682,180.0,185.0,2,154,220,0.4696969696969697,0.3939393939393939
C_3b27c7241883469fac726cbe398b02a1,1500.0,1950.0,2,1037,2075,0.8795761078998073,0.4460500963391137
C_3b8833f884114ca797323298afe38682,350.0,430.0,2,294,490,0.6938775510204082,0.2857142857142857
C_3c44ab824f224d94928edb943215b3fd,6500.0,6000.0,2,5928,7800,0.0384615384615384,0.3055555555555556
C_3d54408bf33f419c990bc72505ad80d3,30.0,35.0,2,20,40,0.75,0.5
C_444f5e011d624d5f98977b3a9ca9302c,30.0,32.0,2,23,39,0.5625,0.4375
C_45e951ad1282439fbc578b40388d1680,65.0,70.0,2,57,95,0.3421052631578947,0.2105263157894736
C_46a08a196c644ecd84a1dd9bc747cd9d,300.0,300.0,2,266,380,0.2982456140350877,0.2982456140350877
C_46c24474568348e19e8f52a24ea75126,2000.0,1900.0,2,1575,2250,0.4814814814814814,0.6296296296296297
C_46d1258e541249489e4d32ad20a12414,2500.0,2500.0,2,2392,2600,0.5192307692307693,0.5192307692307693
C_47da7bcc44fd4766bc688d9a1bf87336,4000.0,3900.0,2,3572,4700,0.2907801418439716,0.3794326241134751
C_48febe93324c4c4898280ba457952dc5,2200.0,2200.0,2,2187,2430,0.0534979423868312,0.0534979423868312
C_4d3cb3332e4844a9b014aa2d44513c81,3000.0,3500.0,2,2280,3800,0.8026315789473685,0.4736842105263157
C_4eaaf00fcf7d43cfa795a1defbd5bd48,25.0,27.0,2,21,35,0.4285714285714285,0.2857142857142857
C_5196ca4827c84d058493ed97e0e4b8e7,10.0,11.0,2,11,15,0.0,-0.25
C_56e7f9b6cd69421baa80a20113f43a45,25.0,23.0,2,22,30,0.125,0.375
C_59221c264b7245ceaa5857fc8d5f46e7,180.0,150.0,2,120,240,0.25,0.5
C_5ab730e282e249fb99c841dc54bd3a87,1500.0,1700.0,2,1382,1975,0.5362563237774031,0.1989881956155143
C_5c739a3f726649e09336a81c20e20cd5,120.0,150.0,2,120,200,0.375,0.0
C_5d62d62548f14b9fb6da962a2d4f9f5c,150.0,140.0,2,133,175,0.1666666666666666,0.4047619047619047
C_5f01b4a3fb3b40b9832799c1ae80a3e1,540.0,550.0,2,540,600,0.1666666666666666,0.0
C_5f0f0773203e4aa3b7f3bd114e3586b9,65.0,50.0,2,45,90,0.1111111111111111,0.4444444444444444
C_605dbfbe17a84018aa9e4367f893b155,160.0,170.0,2,152,200,0.375,0.1666666666666666
C_677f26b4e34b414fabece4edca0ff520,2500.0,2425.0,2,2425,2695,0.0,0.2777777777777778
C_6875adc094e54f39a815f8fe94d33f1d,1300.0,1300.0,2,1237,1375,0.4565217391304347,0.4565217391304347
C_6e89a9fc8ae146b4ac7a9760f2cad836,550.0,600.0,2,454,650,0.7448979591836735,0.4897959183673469
C_7044e64a397f40aaae6d455f5f2963b2,25.0,30.0,2,25,50,0.2,0.0
C_71bd0d14dcfa40bea6abb07483c5cfd6,184.0,190.0,2,184,200,0.375,0.0
C_74e6c71a6263457b9133b4eb99c45699,2000.0,2300.0,2,1375,2750,0.6727272727272727,0.4545454545454545
C_7541a3a7b64745bc9e5735cbb2f254bc,280.0,275.0,2,243,320,0.4155844155844156,0.4805194805194805
C_7627c88340864fa5a93b8f477cffa793,1000.0,900.0,2,780,1300,0.2307692307692307,0.4230769230769231
C_79eebd02c22048c19beb051dbf0276ac,27500.0,27000.0,2,25650,28500,0.4736842105263157,0.6491228070175439
C_7b1966da91eb41d6ba3ef0bdcb34d222,300.0,275.0,2,224,320,0.53125,0.7916666666666666
C_7da4e09d9f13426db57569f32ea5cfad,50.0,50.0,2,42,60,0.4444444444444444,0.4444444444444444
C_7f393ad9c05e43d4a0b2ed3422302509,92.0,92.0,2,92,100,0.0,0.0
C_827d38022e9a4dbd87b4ad71b977599a,75.0,75.0,2,50,100,0.5,0.5
C_8412c758ec8c4fe9b1b47a2e9a123ac6,2500.0,2340.0,2,2340,2600,0.0,0.6153846153846154
C_880852dd16fb48b89b8cbabe169fa915,4000.0,4000.0,2,3600,6000,0.1666666666666666,0.1666666666666666
C_88c9136c46104c69acdc13345dd77b06,1500.0,1500.0,2,1012,2025,0.4817374136229023,0.4817374136229023
C_8b5949abbeb14814b7fbb45dd7e3d197,1500.0,1600.0,2,900,1800,0.7777777777777778,0.6666666666666666
C_8c342b65e72e4956afe3b89b5d17eb22,40.0,30.0,2,30,50,0.0,0.5
C_8cb9847cb230413d8eeec73c0f0e7166,2500.0,2000.0,2,1400,2800,0.4285714285714285,0.7857142857142857
C_8d433f2deccc4176830622217a86c456,1500.0,1350.0,2,1312,1875,0.0674955595026643,0.3339253996447602
C_8f54debd567e409fa84bd21e5c928a30,150.0,170.0,2,120,200,0.625,0.375
C_91d615730d9f45b19948142ccebf89e6,30.0,25.0,2,22,45,0.1304347826086956,0.3478260869565217
C_946ef3d481504e4db9d59f3090c05e87,2000.0,2200.0,2,1347,2695,0.6327893175074184,0.4844213649851632
C_94d4155e2c254de79a40654553e3d82a,50.0,50.0,2,45,75,0.1666666666666666,0.1666666666666666
C_97344a43625645f38cf6158c8fa1006d,1500.0,1250.0,2,937,1875,0.3336886993603412,0.6002132196162047
C_97e9f1bf953c403c827cfa9983d37135,150.0,150.0,2,100,200,0.5,0.5
C_9c06739e4d404908a8079a183c71b220,350.0,300.0,2,250,500,0.2,0.4
C_9c807166a6e14c2299ab30540f90b109,75.0,80.0,2,50,100,0.6,0.5
C_9ca77bd61ac346b1a8e14af28d8ad81b,2000.0,1925.0,2,1575,2250,0.5185185185185185,0.6296296296296297
C_9defd2b4bc5b4e5e8ff98fbf4bfb6559,35.0,35.0,2,35,50,0.0,0.0
C_a02652fd38a445c7ae0db8a806f2227c,450.0,400.0,2,330,550,0.3181818181818182,0.5454545454545454
C_a03bad43ef554b5b858e4ddde3d4d459,6500.0,5500.0,2,3900,7800,0.4102564102564102,0.6666666666666666
C_a4ae7a36b0e44789b719f10dc977daa0,1651.0,1651.0,2,1651,1795,0.0,0.0
C_a7e41f175b6f4a53ab31daa0bb02de8b,253.0,275.0,2,253,275,1.0,0.0
C_a82b991bc850450291b669683f57b009,450.0,475.0,2,450,490,0.625,0.0
C_a9aa017d57aa49919d66922d0d2c1e80,90.0,85.0,2,66,110,0.4318181818181818,0.5454545454545454
C_ac2ba1c2ae9a4a1db31ca4804bae32ff,650.0,715.0,2,480,800,0.734375,0.53125
C_ac69789e975c4a21a0d9c4a915cd888f,1700.0,1650.0,2,1615,1795,0.1944444444444444,0.4722222222222222
C_afe36afa463f419d8ad1fff85759e5d6,35.0,30.0,2,30,40,0.0,0.5
C_b046547966ae4fb5a83bf75d4fcf3999,93.0,125.0,2,93,155,0.5161290322580645,0.0
C_b2d95eae8f5e4e6fa90b1bc51456aa2f,1100.0,1150.0,2,944,1350,0.5073891625615764,0.3842364532019704
C_b854c98e018c4f869a82a9bdce18971b,185.0,185.0,2,184,200,0.0625,0.0625
C_ba25748bb37b4fb491fab0b42dae34ca,200.0,275.0,2,150,300,0.8333333333333334,0.3333333333333333
C_bac969a8ff8a4f40b2acdaf83058dfab,15000.0,15500.0,2,11000,22000,0.4090909090909091,0.3636363636363636
C_bc5788be5b4446cfa8a0ef6347eda9fb,60.0,65.0,2,48,80,0.53125,0.375
C_c0ed6d7b2bb64ca0aabadad8ce525a7e,200.0,225.0,2,150,250,0.75,0.5
C_c29c8c3f79e9470f96e9498e03e83647,200.0,240.0,2,168,280,0.6428571428571429,0.2857142857142857
C_c4e98da6447443e7966f2c38bb660e3d,287.0,390.0,2,287,575,0.3576388888888889,0.0
C_c5de872b880647ccab106afbfd0c1595,1800.0,1800.0,2,1160,2320,0.5517241379310345,0.5517241379310345
C_c6feb4a5a7234051adcccf4d2741014b,1800.0,2000.0,2,1491,2130,0.7965571205007824,0.4835680751173709
C_c752a7fe23c846808ecc425c91ef3540,3250.0,3230.0,2,3220,3500,0.0357142857142857,0.1071428571428571
C_cae60a0d1a214a7ba20964d156f1eca4,15.0,15.0,2,15,20,0.0,0.0
C_cbce1d8799dd4f24b3ce2d888131e03a,150.0,120.0,2,120,200,0.0,0.375
C_ccac97cb8815439fb865fc370e80b23c,3200.0,3220.0,2,3220,3500,0.0,-0.0714285714285714
C_ce268f2a194b4b58be657a53e12ae326,150.0,100.0,2,100,200,0.0,0.5
C_ce67c40415f44e38996f93ea11e7ca81,700.0,700.0,2,500,1000,0.4,0.4
C_cf241d8321b843b18c40b8f5fb252406,200.0,180.0,2,171,225,0.1666666666666666,0.5370370370370371
C_d0cff3f0d5224ef69ef804d7b26f30a2,50.0,40.0,2,36,60,0.1666666666666666,0.5833333333333334
C_d26bad533e364c4d9b8358d777ad3205,3000.0,1900.0,2,1700,3400,0.1176470588235294,0.7647058823529411
C_d3cbfc4bbdfe4c738d60ae83a09abb65,10.0,10.0,2,7,12,0.6,0.6
C_d809b9fb8c354c809ca1d829cb42bf55,300.0,380.0,2,200,400,0.9,0.5
C_dbc6f660a83b4a6cb2ce8a7a9e5d5bfc,10000.0,8550.0,2,6500,13000,0.3153846153846154,0.5384615384615384
C_dd75d00f42624cab96be0ceff396b122,100.0,100.0,2,75,150,0.3333333333333333,0.3333333333333333
C_ec2b2a0521fe40e7b6429fcab80bb88d,4000.0,3500.0,2,3420,4500,0.074074074074074,0.5370370370370371
C_ed269c2d722f430093005f592341e9e2,2800.0,1925.0,2,1550,3100,0.2419354838709677,0.8064516129032258
C_ed4de9a34fca47e19feb39079f8ff5c1,3200.0,3375.0,2,3195,3550,0.5070422535211268,0.0140845070422535
C_ee6084004e984f4c95a4d34fb23920e6,50.0,40.0,2,37,75,0.0789473684210526,0.3421052631578947
C_f4f1490bce944146b73eb58c61371245,250.0,225.0,2,210,300,0.1666666666666666,0.4444444444444444
C_f6955a0cc70a4d1f80dd0dc277dee35a,5000.0,6000.0,2,3500,7000,0.7142857142857143,0.4285714285714285
C_0150d45a7290453fa35102b4f2539918,13.0,13.0,3,13,15,0.0,0.0
C_02dce7bcadcc42f087698f0e6bdcb5a0,1200.0,1350.0,3,778,1556,0.7352185089974294,0.5424164524421594
C_04cf7e9ff180493193f48870eedf3531,15.0,13.0,3,10,20,0.3,0.5
C_05801cc30bfb40299539dbe518ee2cd7,11000.0,10000.0,3,9880,13000,0.0384615384615384,0.358974358974359
C_0c5a4ef3672b4c829679e3621c131ea4,900.0,836.0,3,836,1100,0.0,0.2424242424242424
C_0ce36462b7624bbbb4e2c0239aafa2e5,13000.0,12500.0,3,11020,14500,0.425287356321839,0.5689655172413793
C_1114700d66bb4a2ea312b83d5403ceed,11000.0,10000.0,3,9100,13000,0.2307692307692307,0.4871794871794871
C_12ef73255bca4d7787b1fc1e3a6f1227,60.0,60.0,3,60,100,0.0,0.0
C_1686a2b184ca4c51bb1155f1e4d07615,225.0,225.0,3,225,250,0.0,0.0
C_168841ee27564cffb1c8d14f444c37ff,2400.0,2350.0,3,2232,2480,0.4758064516129032,0.6774193548387096
C_171bf3ae064b4f12960ebfa635d84ef1,4000.0,4400.0,3,3800,5000,0.5,0.1666666666666666
C_1816351db251460895c4b7b1747c2b45,900.0,1000.0,3,575,1150,0.7391304347826086,0.5652173913043478
C_1a7e696a4a6c4f349501aca392ea3128,65.0,63.0,3,57,75,0.3333333333333333,0.4444444444444444
C_21ef871c266a4dd3ac7d03baf7071b79,600.0,690.0,3,540,900,0.4166666666666667,0.1666666666666666
C_21fd32f74fcb49fbaa7dcc8adeb35132,1800.0,1780.0,3,1748,1900,0.2105263157894736,0.3421052631578947
C_221bd6579e4f4cc09ec5cfce2ac1640e,3105.0,3300.0,3,3105,3450,0.5652173913043478,0.0
C_2232bad90e314e4ab4e64270af23048a,25.0,23.0,3,21,30,0.2222222222222222,0.4444444444444444
C_2d377d29fc514954b131abeb958c09c3,225.0,260.0,3,195,325,0.5,0.2307692307692307
C_30ee77bc9d10423c85b64892d7ca7fad,100.0,90.0,3,65,130,0.3846153846153846,0.5384615384615384
C_31b3f699ac1a44bf9b5937af31da937b,600.0,598.0,3,598,650,0.0,0.0384615384615384
C_3269870effcd41629d433276712ef467,600.0,575.0,3,525,750,0.2222222222222222,0.3333333333333333
C_353488b82e7e45a7a984f4efa1b9006f,1800.0,2200.0,3,1100,2200,1.0,0.6363636363636364
C_37a7355fc7dc45c099c3ff5f8744ca05,2000.0,1950.0,3,1736,2480,0.2876344086021505,0.3548387096774194
C_39ff911748744f19ad58991f77925c3b,300.0,390.0,3,207,415,0.8798076923076923,0.4471153846153846
C_3cfdfad9aa444a089c7dab41dcb15a4d,75.0,85.0,3,72,95,0.5652173913043478,0.1304347826086956
C_3d207a3e2f5b43ca99023e9b3c8d9268,1300.0,1500.0,3,1111,1588,0.8155136268343816,0.3962264150943396
C_42606a6002fc4eec8348f67858188031,3000.0,3200.0,3,2660,3500,0.6428571428571429,0.4047619047619047
C_433c05ee7f6148ec9d8607a90456b7a4,200.0,190.0,3,190,250,0.0,0.1666666666666666
C_433c328d75b64bab9a7847395ce0cabe,99.0,110.0,3,99,165,0.1666666666666666,0.0
C_44131a776a914be2a2f8067bd908241e,200.0,215.0,3,190,250,0.4166666666666667,0.1666666666666666
C_4566b2e6938a4a6a8e714e799d780e71,150.0,145.0,3,120,200,0.3125,0.375
C_4a369f84a93d43af91bfed699aacce1c,3500.0,3700.0,3,3109,4092,0.6012207527975585,0.3977619532044761
C_4ad68a7f24db423c867446c708291ece,150.0,170.0,3,100,200,0.7,0.5
C_4c904c4e73eb477cad2f16b4fbffa660,90.0,95.0,3,90,100,0.5,0.0
C_4d9fcec0966547a9a41768c892673646,5500.0,5500.0,3,4940,6500,0.358974358974359,0.358974358974359
C_534d764f27b247d5886702a16bf7147d,450.0,470.0,3,402,575,0.3930635838150289,0.2774566473988439
C_53bb184f15494f41bb1940f3c5f22bdd,40.0,40.0,3,38,50,0.1666666666666666,0.1666666666666666
C_567819db54474a99acb05cef818afddd,2700.0,2900.0,3,2700,3000,0.6666666666666666,0.0
C_5a22da89bba742f4a49584ab372fa405,180.0,180.0,3,180,200,0.0,0.0
C_5d76e662c80247f988e1ee4e13915ff8,1800.0,1750.0,3,1711,1860,0.261744966442953,0.5973154362416108
C_5f215ef7310b45b39080593b5f69a9f9,15.0,20.0,3,14,20,1.0,0.1666666666666666
C_62ab3cd70aff488db121b11dd0ba712b,2000.0,2000.0,3,1800,3000,0.1666666666666666,0.1666666666666666
C_64cb9ede95e243f886c7d404de809806,50.0,50.0,3,25,50,1.0,1.0
C_651a57f692304d77948916038fd54f7f,1800.0,1750.0,3,1531,2015,0.4524793388429752,0.5557851239669421
C_668eef34adba4e5dab36063e5f66b7e7,1200.0,910.0,3,909,1300,0.0025575447570332,0.7442455242966752
C_67e4101720264981ab1a51cf982c251d,2450.0,2300.0,3,1618,2698,0.6314814814814815,0.7703703703703704
C_694a463529204fd98d5c98d9e5b9a5fd,70.0,70.0,3,70,100,0.0,0.0
C_695bfd880612492b825d9bc4f38c0efb,1200.0,1200.0,3,900,1500,0.5,0.5
C_6b2549bd504244c6a901d0dcc8bbfb91,1500.0,1300.0,3,1190,1700,0.2156862745098039,0.6078431372549019
C_6e78276a5771473faadcf70733df49b2,70.0,70.0,3,70,100,0.0,0.0
C_7226b525c66543e1bf185adc532b0074,350.0,415.0,3,315,450,0.7407407407407407,0.2592592592592592
C_738fdd3861e047a383d92779e21f4b4c,60.0,75.0,3,60,80,0.75,0.0
C_768f18fabf7f4bcca4a0046e14e637c7,6500.0,7500.0,3,4450,8900,0.6853932584269663,0.4606741573033708
C_76a72e4441e14ea48caecb40a1467978,8500.0,9500.0,3,8284,10900,0.4648318042813456,0.0825688073394495
C_7822790ac8134eb7b9e655303458e3c8,27.0,28.0,3,27,30,0.3333333333333333,0.0
C_79ecf5f983c149afb1fecd0317757917,50.0,50.0,3,49,55,0.1666666666666666,0.1666666666666666
C_7ba465258c904b7d9089d5dc3fc2b185,120.0,110.0,3,75,150,0.4666666666666667,0.6
C_82facfd197b2419484285f0714e16054,250.0,370.0,3,187,375,0.973404255319149,0.3351063829787234
C_8412f82f01c040be824397795f054c61,225.0,200.0,3,192,275,0.0963855421686747,0.3975903614457831
C_8611a95f5b6e4d4caf94a5ed8fec91a3,26000.0,29500.0,3,23099,32999,0.6465656565656566,0.293030303030303
C_86b749f3d83144c082a98451dc1cb1f7,800.0,875.0,3,760,1000,0.4791666666666667,0.1666666666666666
C_88f5a934396f4b56bcf794b24328ea2c,200.0,212.0,3,165,275,0.4272727272727272,0.3181818181818182
C_89ea3d69e875476eb4c73f9e45ab3193,2000.0,2050.0,3,1410,2350,0.6808510638297872,0.6276595744680851
C_8df933f5a33348b395b8515811028239,150.0,150.0,3,100,200,0.5,0.5
C_9841d57b7e8043d9a934e3328a5b297e,20000.0,25900.0,3,14250,28500,0.8175438596491228,0.4035087719298245
C_9e5503d6553b4c7e8fef40743a5c0645,80.0,75.0,3,73,80,0.2857142857142857,1.0
C_9e793baa38f747aabc8b55877a9701fa,60.0,85.0,3,60,100,0.625,0.0
C_a1d229c625f44fa583b45506c69c3b46,10000.0,11500.0,3,6500,13000,0.7692307692307693,0.5384615384615384
C_a39bea3a0f1c49bc8f233ce7a10f68a4,40000.0,50000.0,3,26500,53000,0.8867924528301887,0.5094339622641509
C_a6723a00e4504124928a3c39c1d123aa,10000.0,12000.0,3,6750,13500,0.7777777777777778,0.4814814814814814
C_a7816b4e06fb4d09b45eeec7ea127f19,25.0,23.0,3,23,25,0.0,1.0
C_a85d50e268084b3eacb598fbb51afbb0,110.0,115.0,3,82,138,0.5892857142857143,0.5
C_abc05dd4ca6441b68572b6ae740eaf70,60.0,60.0,3,60,80,0.0,0.0
C_b46c1eed52b540c6acb08482e94d9d0f,30.0,40.0,3,30,40,1.0,0.0
C_b5de3fc4c30741e48c6e5ab6833c1d10,1500.0,1300.0,3,975,1950,0.3333333333333333,0.5384615384615384
C_b9bce3c3705d4e36a562ccc0bfcffa07,1500.0,1400.0,3,1146,2292,0.2216404886561954,0.3089005235602094
C_bd6c3da5b9744b5a95fa3c6d0c625a07,65.0,70.0,3,57,75,0.7222222222222222,0.4444444444444444
C_bd93c200e05a4a27a5c223b53a5495ba,2200.0,2500.0,3,1600,3200,0.5625,0.375
C_bea4e286410542688aa03718bbf88e8b,200.0,200.0,3,150,250,0.5,0.5
C_c0af7798dc2441069c9d910b208bfec5,15.0,15.0,3,12,25,0.2307692307692307,0.2307692307692307
C_c45de9ee2d1a410caff4d221284b9bf9,10000.0,9850.0,3,9120,12000,0.2534722222222222,0.3055555555555556
C_c6949a83dca34b0197bc5789ee57880d,10.0,8.0,3,7,15,0.125,0.375
C_c756556823a9474f878d77730fddaa20,5000.0,6550.0,3,3400,6800,0.9264705882352942,0.4705882352941176
C_ca9df48171e44c9bb6da03960660d221,1750.0,1850.0,3,1575,2250,0.4074074074074074,0.2592592592592592
C_cd71e24866f345f1a80e63885b2ab97e,180.0,175.0,3,162,180,0.7222222222222222,1.0
C_cf2143e0c75542bd8fe9ce5997dcb779,7.0,7.0,3,7,8,0.0,0.0
C_d130fcfa43374a03bbbba08bdd85e8b9,800.0,500.0,3,500,1000,0.0,0.6
C_d1864a9e7ac34eb6afd4cb39cc4f1469,100.0,90.0,3,62,125,0.4444444444444444,0.6031746031746031
C_d5e04e446ff64b689c8babe26baf31fd,100.0,100.0,3,75,125,0.5,0.5
C_d94a3f34a3cd4a26a1e5a896bebabb0f,50.0,90.0,3,50,100,0.8,0.0
C_da3ab58c31684c49bc48c4b2eec1e870,350.0,350.0,3,225,450,0.5555555555555556,0.5555555555555556
C_da8adc234a764cf0bf99a157c437a21d,3500.0,3700.0,3,3505,3895,0.5,-0.0128205128205128
C_dfb94a07bb954c1caf3540ec6c7bffca,5.0,10.0,3,5,10,1.0,0.0
C_e144a7f5115a4b9ebbb9647571e03413,4050.0,4200.0,3,4050,4500,0.3333333333333333,0.0
C_e5d731de606e46d693b0ef262d88510c,900.0,900.0,3,836,1100,0.2424242424242424,0.2424242424242424
C_e633a2b3124346dfa7f2e2f8402e4b6b,2428.0,2580.0,3,2428,2698,0.562962962962963,0.0
C_e6e08f5315f54998b78fbed290cf9a16,1800.0,1700.0,3,1620,1800,0.4444444444444444,1.0
C_e92705747c0544ca9b4986460889b601,3500.0,3550.0,3,3496,3800,0.1776315789473684,0.0131578947368421
C_eb04b84ea3144c0984f0d8704c7386e7,250.0,260.0,3,243,320,0.2207792207792207,0.0909090909090909
C_ebb133126475499cb394b88610414a8f,40.0,26.0,3,25,50,0.04,0.6
C_ed44f54ac0c34c179b5287a12f3f5aff,250.0,250.0,3,243,270,0.2592592592592592,0.2592592592592592
C_f24d361e4aca480bb451b2ed7f2c6fac,600.0,650.0,3,560,800,0.375,0.1666666666666666
C_f337ee1d1aa34e2fa2ad07bfad05bbfd,1500.0,1600.0,3,1050,2100,0.5238095238095238,0.4285714285714285
C_fbda443162bc473d80e342f9d32ce050,4100.0,4750.0,3,4100,5395,0.5019305019305019,0.0
C_ffb254f75d30419da441da51000065e4,2950.0,2750.0,3,2695,2995,0.1833333333333333,0.85
C_004ae9e50f4a4e2d8822823056edaf1e,35.0,35.0,4,25,50,0.4,0.4
C_04e41aa41dd14aab9ddb5a26dda40f7c,10.0,17.0,4,10,20,0.7,0.0
C_07f16228ab59461686cbeb26517790a0,25.0,30.0,4,25,50,0.2,0.0
C_083cf47df93d4a8c8029ae8c8cccc963,7500.0,6500.0,4,5250,10500,0.23809523809523808,0.42857142857142855
C_12e9db14b98f4dd3ada65173f70c148a,5000.0,5300.0,4,3900,6500,0.5384615384615384,0.4230769230769231
C_16ad8add4a784396aee2749f00ab04b7,6500.0,6700.0,4,6300,7000,0.5714285714285714,0.2857142857142857
C_19080ee75f6d4997bc5e07c77ea9c44c,300.0,300.0,4,207,415,0.44711538461538464,0.44711538461538464
C_192aeb397b524e5f8c2abaedead516e5,2200.0,2097.0,4,2097,2330,0.0,0.44206008583690987
C_1a3c2257528941f7b05d14363c59fe8a,125.0,150.0,4,87,175,0.7159090909090909,0.4318181818181818
C_1aa278381a324468a0af34263e09741d,1800.0,1750.0,4,1674,1861,0.40641711229946526,0.6737967914438503
C_1c172e19e88f4a28a0f715cc105bc20d,21000.0,20000.0,4,19710,21900,0.1324200913242009,0.589041095890411
C_1c7558ca1445472a890baa8b2ebe6816,2500.0,2695.0,4,2096,2995,0.6662958843159066,0.44938820912124583
C_1f2b890088534549a9d8e260f308b251,200.0,190.0,4,160,320,0.1875,0.25
C_25c4ddb46c634a2f9f5d8f5dc6a09bf7,150.0,175.0,4,120,200,0.6875,0.375
C_2bdb308591df45e29a321a7cfd167002,150.0,140.0,4,138,150,0.16666666666666666,1.0
C_2e3c34c5562b4d10870fac88f93b126c,25.0,35.0,4,25,50,0.4,0.0
C_2e5725b15ed64f29847f85b5117707c0,30.0,35.0,4,25,50,0.4,0.2
C_2f5ceed7d9e34f9492dce43260781cb8,600.0,680.0,4,468,780,0.6794871794871795,0.4230769230769231
C_322ca5e93e114b06a61dcf0742ba9ac9,1500.0,1450.0,4,1365,1950,0.1452991452991453,0.23076923076923078
C_3434d04f10984a0fa5459c7c8842f158,100.0,108.0,4,72,120,0.75,0.5833333333333334
C_34f3e14eed5044719ad8567e07a3bb5a,2000.0,2195.0,4,1732,2279,0.8464351005484461,0.489945155393053
C_3523a52326894f5a98ccd44a145a5d2f,9.0,9.0,4,9,15,0.0,0.0
C_3aa03c24a06e45ec91e22578b686db5c,2500.0,2500.0,4,1587,3175,0.5749370277078085,0.5749370277078085
C_3d9ad1f598b842009d35673310ee3361,1850.0,1900.0,4,1863,2070,0.178743961352657,-0.06280193236714976
C_42693ef870d4469083c2efcc5400d34f,45.0,45.0,4,45,49,0.0,0.0
C_47c2fabc2c2f46b8ad35fea1a28e0eba,1395.0,1395.0,4,1345,1495,0.3333333333333333,0.3333333333333333
C_48ea0b9ac0f64b53952edfa95799cf8a,7.0,7.0,4,7,10,0.0,0.0
C_4bbe2efb6ef64317ad5ca9e50ec8715a,200.0,180.0,4,125,250,0.44,0.6
C_4c87e5e8b80b41d99280f9309b3eeeb7,1500.0,1325.0,4,1260,1800,0.12037037037037036,0.4444444444444444
C_4fed44f74d9147cb800ea25376bab921,40.0,40.0,4,30,50,0.5,0.5
C_5229dd451d3b4f69b7146e105889fdd6,15000.0,15750.0,4,11000,22000,0.4318181818181818,0.36363636363636365
C_54688ef83a4243ef9624898d9039f630,35.0,35.0,4,35,50,0.0,0.0
C_5a82918d43894f379a82e2abdb216899,6500.0,7200.0,4,5950,8500,0.49019607843137253,0.21568627450980393
C_5b9185c283eb4b60a64091e74d8f799b,1000.0,1000.0,4,675,1350,0.48148148148148145,0.48148148148148145
C_5bbc701998fa4199859174b1b75b083f,120.0,114.0,4,114,150,0.0,0.16666666666666666
C_5c26a95cef21489bb071772ab5efcf77,75.0,70.0,4,69,75,0.16666666666666666,1.0
C_6052f0ae28934ef58480cf43fbbc9184,250.0,250.0,4,228,300,0.3055555555555556,0.3055555555555556
C_628238c80e844ba1aeeb65208e3abf2a,220.0,200.0,4,196,280,0.047619047619047616,0.2857142857142857
C_62e86f490f714ce483b6d77d559cd1ea,150.0,150.0,4,100,200,0.5,0.5
C_63ef7a9074e44187900b6fb66037de94,150.0,165.0,4,122,175,0.8113207547169812,0.5283018867924528
C_64e788658a174e4b81d965d0bf2a8043,800.0,700.0,4,600,1000,0.25,0.5
C_669dfa75876e4d0a9f706c45936ed1b3,18000.0,16000.0,4,10400,20800,0.5384615384615384,0.7307692307692307
C_6fc746e283644c8eb29e09f596950e58,2500.0,2000.0,4,1680,2800,0.2857142857142857,0.7321428571428571
C_6ffce542a6b14b0381d3ddf2417428f2,1500.0,1600.0,4,930,1861,0.719656283566058,0.6122448979591837
C_7346d2b98c44463a94985811bf8b8b43,500.0,500.0,4,444,585,0.3971631205673759,0.3971631205673759
C_739ddc7bd03d4b6bb412bb6d13d1ac84,2250.0,2000.0,4,1854,2650,0.18341708542713567,0.49748743718592964
C_7610ed63b8094f4eade42491f2538248,10000.0,10500.0,4,6750,13500,0.5555555555555556,0.48148148148148145
C_76271efe3dbe48a4b9725ed8c2c0c6f0,30.0,30.0,4,24,40,0.375,0.375
C_76d72ad506a740038fbe29b23432a79b,90.0,90.0,4,90,100,0.0,0.0
C_78ef20d98c2143dfa452136cda053592,180.0,180.0,4,180,200,0.0,0.0
C_7a92a4f3f7814bd3a6e507c80459a3e3,15.0,13.0,4,10,20,0.3,0.5
C_7ae1a96f0eb14147ac43f6be311a6473,3500.0,4000.0,4,3150,4500,0.6296296296296297,0.25925925925925924
C_7e57a726bcb045df8e2105da21341f9a,200.0,250.0,4,170,340,0.47058823529411764,0.17647058823529413
C_7eea6982fc274b96a91556ffdd0d822e,6500.0,7500.0,4,5950,8500,0.6078431372549019,0.21568627450980393
C_80b5ff3d52714bb0a50809399b32e3b7,3000.0,3000.0,4,2100,3500,0.6428571428571429,0.6428571428571429
C_824ca40ba2424c618a45c64c00f5c296,13000.0,15000.0,4,10140,16900,0.7189349112426036,0.4230769230769231
C_8ac9d842ed934ec89696ea8d6338eed0,80.0,60.0,4,60,100,0.0,0.5
C_8b7d23c0f5944ff0a3280ed0da303399,400.0,350.0,4,300,600,0.16666666666666666,0.3333333333333333
C_90f35d805c804079992fc12457a2b3f6,100.0,100.0,4,75,150,0.3333333333333333,0.3333333333333333
C_929098ee2b9346e2b27172e89ce69340,75.0,75.0,4,73,80,0.2857142857142857,0.2857142857142857
C_934ad1e3bb72452ea7328e77256043e3,9500.0,9000.0,4,7699,11000,0.39412299303241444,0.5455922447743108
C_9409f4d8aa774230b37c883f29c73207,650.0,625.0,4,607,675,0.2647058823529412,0.6323529411764706
C_94e2687ca8df42e99d31ff02d4d4a80f,2200.0,2200.0,4,1976,2600,0.358974358974359,0.358974358974359
C_97acd5cc34674d95a44aa75f8b634019,4408.0,4850.0,4,4408,5800,0.3175287356321839,0.0
C_9a4f6c244d504619aee10c2add3a7731,495.0,520.0,4,495,550,0.45454545454545453,0.0
C_9e7ba83b5db74637aa5287cd348c2ac1,11.0,11.0,4,11,15,0.0,0.0
C_9fed91e930814d38b7f63ea9da84190b,1300.0,1400.0,4,1116,1595,0.592901878914405,0.38413361169102295
C_a28155c8e949466f8d4bfeaa104f185f,350.0,400.0,4,301,430,0.7674418604651163,0.3798449612403101
C_a434278bd1674887908121ea44fd5cdf,35.0,40.0,4,27,45,0.7222222222222222,0.4444444444444444
C_a461099d8fe0408282a09725e1ca6dc8,2500.0,2200.0,4,2014,2650,0.29245283018867924,0.7641509433962265
C_a4618e85611246d6bc12515a3e1cd853,2500.0,2250.0,4,1557,3114,0.44508670520231214,0.6056518946692357
C_a605830b4c1d44b7b0b8ed09140e3da7,2250.0,2000.0,4,1924,2750,0.09200968523002422,0.3946731234866828
C_a88d592b247643f69faf9c28f2ee2c50,300.0,350.0,4,190,380,0.8421052631578947,0.5789473684210527
C_a92eec65ac1a4e0799a56c07303ef8f6,50.0,50.0,4,49,55,0.16666666666666666,0.16666666666666666
C_aa7ae43a87a744d793f37aa2b55bc236,75.0,60.0,4,59,99,0.025,0.4
C_af8b847888704a0d91b3ad30393c0907,12000.0,13000.0,4,8700,14500,0.7413793103448276,0.5689655172413793
C_ba9417b39e314b7ab0f313fe53b589ea,600.0,740.0,4,546,780,0.8290598290598291,0.23076923076923078
C_bb5fc810168841488a91a81d0c1ce392,3000.0,3000.0,4,2584,3400,0.5098039215686274,0.5098039215686274
C_bd10a625350049c18e7a4978e85b566d,180.0,180.0,4,152,200,0.5833333333333334,0.5833333333333334
C_c48564c3c9ae469882768dc35fac04c1,185.0,190.0,4,184,200,0.375,0.0625
C_cb331fadd9d64370b7677532571be612,1000.0,750.0,4,550,1100,0.36363636363636365,0.8181818181818182
C_ceb12a80d5934b2ab3d10b5f0de2ccb5,400.0,380.0,4,380,500,0.0,0.16666666666666666
C_d19620c4839a4786847543c6443c6023,1200.0,1150.0,4,944,1350,0.5073891625615764,0.6305418719211823
C_d2ff25ca3e3f442aade45f5ca2b749ac,150.0,140.0,4,140,200,0.0,0.16666666666666666
C_d63781a4f4be4db387b20dcb5f0afdeb,2250.0,2500.0,4,1924,2750,0.6973365617433414,0.3946731234866828
C_d8b54b1e146a4eb1b1f1ce23df11b5a8,1300.0,1250.0,4,801,1603,0.559850374064838,0.6221945137157108
C_d9b5b2419e854531841aff8985d17689,5.0,5.0,4,5,10,0.0,0.0
C_e0d2f847d8794e60be5cb3ec58af43d3,100.0,100.0,4,84,120,0.4444444444444444,0.4444444444444444
C_e0f48b71717749bfbae94fda8ace627b,900.0,900.0,4,567,946,0.8786279683377308,0.8786279683377308
C_e2cb742bae1a41bf97e5ebebeb9e33f8,2000.0,2200.0,4,1215,2430,0.8106995884773662,0.6460905349794238
C_e41d38d0910e4e09886e105722227797,2000.0,1950.0,4,1891,2102,0.2796208530805687,0.5165876777251185
C_e8170b248c6c432ebf57a73077e267a1,150.0,200.0,4,100,200,1.0,0.5
C_e83ae2d2e5c64d6a9b8ed649c7d06f84,3000.0,3000.0,4,2660,3500,0.40476190476190477,0.40476190476190477
C_e96f95b056e44b9dbc498a574765e2a6,50.0,45.0,4,35,70,0.2857142857142857,0.42857142857142855
C_e9985166f43f4ae29a0f627aef7f5405,2500.0,3000.0,4,1775,3550,0.6901408450704225,0.4084507042253521
C_e9b9d671cd3b4974a0e86731cddb7e4d,500.0,500.0,4,375,750,0.3333333333333333,0.3333333333333333
C_ec5662bbf5a0459abff27bdba8513cf4,160.0,310.0,4,160,320,0.9375,0.0
C_ef253be7f67246aeb381e87f8257591c,35000.0,40000.0,4,22500,45000,0.7777777777777778,0.5555555555555556
C_f05c735eb81740b99b4586ad4d646cd0,15.0,15.0,4,10,20,0.5,0.5
C_f6800a01f96d42a7a1ec9ec6950dce87,150.0,150.0,4,100,200,0.5,0.5
C_f6be264c6aa34b3e93d9ebcaa8676666,650.0,750.0,4,510,850,0.7058823529411765,0.4117647058823529
C_fbe112da1a294d9d9093bf285aca0d93,225.0,350.0,4,187,375,0.8670212765957447,0.20212765957446807
C_fcee6c2aa5a247e78dd1a1afa938298f,13.0,14.0,4,13,15,0.5,0.0
C_fd3a0161de3f41b0b1f9d98824c34fe9,360.0,400.0,4,360,400,1.0,0.0
C_ff8ffd5898d642cc818a6e67a3bc5378,4500.0,4100.0,4,4059,5800,0.023549684089603676,0.2533026995979322
